{
  "coc-python|global": {
    "INTERPRETERS_CACHE_v3_CondaEnvFileService": [],
    "INTERPRETERS_CACHE_v3_CondaEnvService": [],
    "INTERPRETERS_CACHE_v3_VirtualEnvService": [],
    "/opt/homebrew/bin/python3.8.v3": {
      "data": {
        "architecture": 3,
        "path": "/opt/homebrew/bin/python3.8",
        "version": {
          "options": {
            "loose": false,
            "includePrerelease": false
          },
          "loose": false,
          "raw": "3.8.14-final",
          "major": 3,
          "minor": 8,
          "patch": 14,
          "prerelease": [
            "final"
          ],
          "build": [],
          "version": "3.8.14-final"
        },
        "sysPrefix": "/opt/homebrew/Cellar/python@3.8/3.8.14/Frameworks/Python.framework/Versions/3.8",
        "fileHash": "751f4c36fc71fb6dc2e947bf4db008c5f125376823145ab1f5aa4b4e5116085fbd7e3cd94df6e92d1bb1a2a8635594f30fd0873262848d275725e024a54977a8"
      },
      "expiry": 1664778723313
    },
    "/opt/homebrew/bin/python3.9.v3": {
      "data": {
        "architecture": 3,
        "path": "/opt/homebrew/bin/python3.9",
        "version": {
          "options": {
            "loose": false,
            "includePrerelease": false
          },
          "loose": false,
          "raw": "3.9.14-final",
          "major": 3,
          "minor": 9,
          "patch": 14,
          "prerelease": [
            "final"
          ],
          "build": [],
          "version": "3.9.14-final"
        },
        "sysPrefix": "/opt/homebrew/opt/python@3.9/Frameworks/Python.framework/Versions/3.9",
        "fileHash": "44952432d3c523167a07a2651d0518c7643ca39bdb48d7a89db702307a4499e178973d635a862cde25bccc4343ee2888a9c11b7f4e52920464f6049a057db304"
      },
      "expiry": 1664778723314
    },
    "/opt/homebrew/bin/python3.10.v3": {
      "data": {
        "architecture": 3,
        "path": "/opt/homebrew/bin/python3.10",
        "version": {
          "options": {
            "loose": false,
            "includePrerelease": false
          },
          "loose": false,
          "raw": "3.10.6-final",
          "major": 3,
          "minor": 10,
          "patch": 6,
          "prerelease": [
            "final"
          ],
          "build": [],
          "version": "3.10.6-final"
        },
        "sysPrefix": "/opt/homebrew/opt/python@3.10/Frameworks/Python.framework/Versions/3.10",
        "fileHash": "96b3f4e7a0c0843d3257c9e1e02492bdc5250ce402c1471704228c4b6507a4f7e8b5d2406baf3bd42cc8a25fb52ce970bfe16367ccc14e577fdc110d7c8a4886"
      },
      "expiry": 1664778723251
    },
    "/opt/homebrew/bin/python3.v3": {
      "data": {
        "architecture": 3,
        "path": "/opt/homebrew/bin/python3",
        "version": {
          "options": {
            "loose": false,
            "includePrerelease": false
          },
          "loose": false,
          "raw": "3.10.6-final",
          "major": 3,
          "minor": 10,
          "patch": 6,
          "prerelease": [
            "final"
          ],
          "build": [],
          "version": "3.10.6-final"
        },
        "sysPrefix": "/opt/homebrew/opt/python@3.10/Frameworks/Python.framework/Versions/3.10",
        "fileHash": "94d707412fac665f06fdf75ccf1899056172f3777cc64a2f3534cd19d06624c8e695ff15fff87de373982649180b127aa94f1eae64084e71a14824417cd84e7f"
      },
      "expiry": 1664778723250
    },
    "/opt/homebrew/opt/python@3.10/bin/python3.10.v3": {
      "data": {
        "architecture": 3,
        "path": "/opt/homebrew/opt/python@3.10/bin/python3.10",
        "version": {
          "options": {
            "loose": false,
            "includePrerelease": false
          },
          "loose": false,
          "raw": "3.10.6-final",
          "major": 3,
          "minor": 10,
          "patch": 6,
          "prerelease": [
            "final"
          ],
          "build": [],
          "version": "3.10.6-final"
        },
        "sysPrefix": "/opt/homebrew/opt/python@3.10/Frameworks/Python.framework/Versions/3.10",
        "fileHash": "46c4609fa8d07b79fc2974708dd3bf8b9fa68e0e9f7b9d3adf89e666db5b7e417df000da3994eb6bf657c1ef46154068f0ab49ae3d56b95147831be38520b1eb"
      },
      "expiry": 1664778723281
    },
    "INTERPRETERS_CACHE_v3_CurrentPathService": [
      {
        "architecture": 3,
        "path": "/opt/homebrew/opt/python@3.10/bin/python3.10",
        "version": {
          "options": {
            "loose": false,
            "includePrerelease": false
          },
          "loose": false,
          "raw": "3.10.6-final",
          "major": 3,
          "minor": 10,
          "patch": 6,
          "prerelease": [
            "final"
          ],
          "build": [],
          "version": "3.10.6-final"
        },
        "sysPrefix": "/opt/homebrew/opt/python@3.10/Frameworks/Python.framework/Versions/3.10",
        "fileHash": "46c4609fa8d07b79fc2974708dd3bf8b9fa68e0e9f7b9d3adf89e666db5b7e417df000da3994eb6bf657c1ef46154068f0ab49ae3d56b95147831be38520b1eb",
        "type": "Unknown"
      }
    ],
    "/usr/bin/python3.v3": {
      "data": {
        "architecture": 3,
        "path": "/usr/bin/python3",
        "version": {
          "options": {
            "loose": false,
            "includePrerelease": false
          },
          "loose": false,
          "raw": "3.9.6-final",
          "major": 3,
          "minor": 9,
          "patch": 6,
          "prerelease": [
            "final"
          ],
          "build": [],
          "version": "3.9.6-final"
        },
        "sysPrefix": "/Library/Developer/CommandLineTools/Library/Frameworks/Python3.framework/Versions/3.9",
        "fileHash": "5ec935f65a4dd6fd36846d29b9ab0dbfa2869f4bac755aadbbce7bbbe66dcb2804ab28125313c3537345d3b30914b69532f51e35b5bf593a6fce9725cb6ad402"
      },
      "expiry": 1664778723314
    },
    "INTERPRETERS_CACHE_v3_KnownPathsService": [
      {
        "architecture": 3,
        "path": "/opt/homebrew/bin/python3",
        "version": {
          "options": {
            "loose": false,
            "includePrerelease": false
          },
          "loose": false,
          "raw": "3.10.6-final",
          "major": 3,
          "minor": 10,
          "patch": 6,
          "prerelease": [
            "final"
          ],
          "build": [],
          "version": "3.10.6-final"
        },
        "sysPrefix": "/opt/homebrew/opt/python@3.10/Frameworks/Python.framework/Versions/3.10",
        "fileHash": "94d707412fac665f06fdf75ccf1899056172f3777cc64a2f3534cd19d06624c8e695ff15fff87de373982649180b127aa94f1eae64084e71a14824417cd84e7f",
        "type": "Unknown"
      },
      {
        "architecture": 3,
        "path": "/opt/homebrew/bin/python3.10",
        "version": {
          "options": {
            "loose": false,
            "includePrerelease": false
          },
          "loose": false,
          "raw": "3.10.6-final",
          "major": 3,
          "minor": 10,
          "patch": 6,
          "prerelease": [
            "final"
          ],
          "build": [],
          "version": "3.10.6-final"
        },
        "sysPrefix": "/opt/homebrew/opt/python@3.10/Frameworks/Python.framework/Versions/3.10",
        "fileHash": "96b3f4e7a0c0843d3257c9e1e02492bdc5250ce402c1471704228c4b6507a4f7e8b5d2406baf3bd42cc8a25fb52ce970bfe16367ccc14e577fdc110d7c8a4886",
        "type": "Unknown"
      },
      {
        "architecture": 3,
        "path": "/opt/homebrew/bin/python3.8",
        "version": {
          "options": {
            "loose": false,
            "includePrerelease": false
          },
          "loose": false,
          "raw": "3.8.14-final",
          "major": 3,
          "minor": 8,
          "patch": 14,
          "prerelease": [
            "final"
          ],
          "build": [],
          "version": "3.8.14-final"
        },
        "sysPrefix": "/opt/homebrew/Cellar/python@3.8/3.8.14/Frameworks/Python.framework/Versions/3.8",
        "fileHash": "751f4c36fc71fb6dc2e947bf4db008c5f125376823145ab1f5aa4b4e5116085fbd7e3cd94df6e92d1bb1a2a8635594f30fd0873262848d275725e024a54977a8",
        "type": "Unknown"
      },
      {
        "architecture": 3,
        "path": "/opt/homebrew/bin/python3.9",
        "version": {
          "options": {
            "loose": false,
            "includePrerelease": false
          },
          "loose": false,
          "raw": "3.9.14-final",
          "major": 3,
          "minor": 9,
          "patch": 14,
          "prerelease": [
            "final"
          ],
          "build": [],
          "version": "3.9.14-final"
        },
        "sysPrefix": "/opt/homebrew/opt/python@3.9/Frameworks/Python.framework/Versions/3.9",
        "fileHash": "44952432d3c523167a07a2651d0518c7643ca39bdb48d7a89db702307a4499e178973d635a862cde25bccc4343ee2888a9c11b7f4e52920464f6049a057db304",
        "type": "Unknown"
      },
      {
        "architecture": 3,
        "path": "/usr/bin/python3",
        "version": {
          "options": {
            "loose": false,
            "includePrerelease": false
          },
          "loose": false,
          "raw": "3.9.6-final",
          "major": 3,
          "minor": 9,
          "patch": 6,
          "prerelease": [
            "final"
          ],
          "build": [],
          "version": "3.9.6-final"
        },
        "sysPrefix": "/Library/Developer/CommandLineTools/Library/Frameworks/Python3.framework/Versions/3.9",
        "fileHash": "5ec935f65a4dd6fd36846d29b9ab0dbfa2869f4bac755aadbbce7bbbe66dcb2804ab28125313c3537345d3b30914b69532f51e35b5bf593a6fce9725cb6ad402",
        "type": "Unknown"
      },
      {
        "architecture": 3,
        "path": "/usr/bin/python3",
        "version": {
          "options": {
            "loose": false,
            "includePrerelease": false
          },
          "loose": false,
          "raw": "3.9.6-final",
          "major": 3,
          "minor": 9,
          "patch": 6,
          "prerelease": [
            "final"
          ],
          "build": [],
          "version": "3.9.6-final"
        },
        "sysPrefix": "/Library/Developer/CommandLineTools/Library/Frameworks/Python3.framework/Versions/3.9",
        "fileHash": "5ec935f65a4dd6fd36846d29b9ab0dbfa2869f4bac755aadbbce7bbbe66dcb2804ab28125313c3537345d3b30914b69532f51e35b5bf593a6fce9725cb6ad402",
        "type": "Unknown"
      }
    ],
    "PipEnvInformation": [],
    "/opt/homebrew/bin/python3.interpreter.displayName.v7": {
      "data": {
        "displayName": "Python 3.10.6 64-bit",
        "hash": "94d707412fac665f06fdf75ccf1899056172f3777cc64a2f3534cd19d06624c8e695ff15fff87de373982649180b127aa94f1eae64084e71a14824417cd84e7f-c204504bf79c5b840af839b1d7e7e861"
      },
      "expiry": 1664778916108
    },
    "/opt/homebrew/bin/python3.8.interpreter.displayName.v7": {
      "data": {
        "displayName": "Python 3.8.14 64-bit",
        "hash": "751f4c36fc71fb6dc2e947bf4db008c5f125376823145ab1f5aa4b4e5116085fbd7e3cd94df6e92d1bb1a2a8635594f30fd0873262848d275725e024a54977a8-03a0bfb82c99419e3aee25b14805dc4b"
      },
      "expiry": 1664778916109
    },
    "/opt/homebrew/bin/python3.9.interpreter.displayName.v7": {
      "data": {
        "displayName": "Python 3.9.14 64-bit",
        "hash": "44952432d3c523167a07a2651d0518c7643ca39bdb48d7a89db702307a4499e178973d635a862cde25bccc4343ee2888a9c11b7f4e52920464f6049a057db304-0186d1a235f4535de0ff80d6d1ab978a"
      },
      "expiry": 1664778916109
    },
    "/opt/homebrew/opt/python@3.10/bin/python3.10.interpreter.displayName.v7": {
      "data": {
        "displayName": "Python 3.10.6 64-bit",
        "hash": "46c4609fa8d07b79fc2974708dd3bf8b9fa68e0e9f7b9d3adf89e666db5b7e417df000da3994eb6bf657c1ef46154068f0ab49ae3d56b95147831be38520b1eb-3ba5fcef07317264c5094649a4af1da5"
      },
      "expiry": 1664778723288
    },
    "/usr/bin/python3.interpreter.displayName.v7": {
      "data": {
        "displayName": "Python 3.9.6 64-bit",
        "hash": "5ec935f65a4dd6fd36846d29b9ab0dbfa2869f4bac755aadbbce7bbbe66dcb2804ab28125313c3537345d3b30914b69532f51e35b5bf593a6fce9725cb6ad402-a357fda88dbafbe7531c7624954c6c13"
      },
      "expiry": 1664778916110
    },
    "/opt/homebrew/bin/python3.interpreter.Details.v7": {
      "data": {
        "fileHash": "94d707412fac665f06fdf75ccf1899056172f3777cc64a2f3534cd19d06624c8e695ff15fff87de373982649180b127aa94f1eae64084e71a14824417cd84e7f",
        "info": {
          "architecture": 3,
          "path": "/opt/homebrew/bin/python3",
          "version": {
            "options": {
              "loose": false,
              "includePrerelease": false
            },
            "loose": false,
            "raw": "3.10.6-final",
            "major": 3,
            "minor": 10,
            "patch": 6,
            "prerelease": [
              "final"
            ],
            "build": [],
            "version": "3.10.6-final"
          },
          "sysPrefix": "/opt/homebrew/opt/python@3.10/Frameworks/Python.framework/Versions/3.10",
          "fileHash": "94d707412fac665f06fdf75ccf1899056172f3777cc64a2f3534cd19d06624c8e695ff15fff87de373982649180b127aa94f1eae64084e71a14824417cd84e7f",
          "type": "Unknown",
          "displayName": "Python 3.10.6 64-bit"
        }
      },
      "expiry": 1664778916113
    },
    "/opt/homebrew/bin/python3.8.interpreter.Details.v7": {
      "data": {
        "fileHash": "751f4c36fc71fb6dc2e947bf4db008c5f125376823145ab1f5aa4b4e5116085fbd7e3cd94df6e92d1bb1a2a8635594f30fd0873262848d275725e024a54977a8",
        "info": {
          "architecture": 3,
          "path": "/opt/homebrew/bin/python3.8",
          "version": {
            "options": {
              "loose": false,
              "includePrerelease": false
            },
            "loose": false,
            "raw": "3.8.14-final",
            "major": 3,
            "minor": 8,
            "patch": 14,
            "prerelease": [
              "final"
            ],
            "build": [],
            "version": "3.8.14-final"
          },
          "sysPrefix": "/opt/homebrew/Cellar/python@3.8/3.8.14/Frameworks/Python.framework/Versions/3.8",
          "fileHash": "751f4c36fc71fb6dc2e947bf4db008c5f125376823145ab1f5aa4b4e5116085fbd7e3cd94df6e92d1bb1a2a8635594f30fd0873262848d275725e024a54977a8",
          "type": "Unknown",
          "displayName": "Python 3.8.14 64-bit"
        }
      },
      "expiry": 1664778916114
    },
    "/opt/homebrew/bin/python3.9.interpreter.Details.v7": {
      "data": {
        "fileHash": "44952432d3c523167a07a2651d0518c7643ca39bdb48d7a89db702307a4499e178973d635a862cde25bccc4343ee2888a9c11b7f4e52920464f6049a057db304",
        "info": {
          "architecture": 3,
          "path": "/opt/homebrew/bin/python3.9",
          "version": {
            "options": {
              "loose": false,
              "includePrerelease": false
            },
            "loose": false,
            "raw": "3.9.14-final",
            "major": 3,
            "minor": 9,
            "patch": 14,
            "prerelease": [
              "final"
            ],
            "build": [],
            "version": "3.9.14-final"
          },
          "sysPrefix": "/opt/homebrew/opt/python@3.9/Frameworks/Python.framework/Versions/3.9",
          "fileHash": "44952432d3c523167a07a2651d0518c7643ca39bdb48d7a89db702307a4499e178973d635a862cde25bccc4343ee2888a9c11b7f4e52920464f6049a057db304",
          "type": "Unknown",
          "displayName": "Python 3.9.14 64-bit"
        }
      },
      "expiry": 1664778916115
    },
    "/opt/homebrew/opt/python@3.10/bin/python3.10.interpreter.Details.v7": {
      "data": {
        "fileHash": "46c4609fa8d07b79fc2974708dd3bf8b9fa68e0e9f7b9d3adf89e666db5b7e417df000da3994eb6bf657c1ef46154068f0ab49ae3d56b95147831be38520b1eb",
        "info": {
          "architecture": 3,
          "path": "/opt/homebrew/opt/python@3.10/bin/python3.10",
          "version": {
            "options": {
              "loose": false,
              "includePrerelease": false
            },
            "loose": false,
            "raw": "3.10.6-final",
            "major": 3,
            "minor": 10,
            "patch": 6,
            "prerelease": [
              "final"
            ],
            "build": [],
            "version": "3.10.6-final"
          },
          "sysPrefix": "/opt/homebrew/opt/python@3.10/Frameworks/Python.framework/Versions/3.10",
          "fileHash": "46c4609fa8d07b79fc2974708dd3bf8b9fa68e0e9f7b9d3adf89e666db5b7e417df000da3994eb6bf657c1ef46154068f0ab49ae3d56b95147831be38520b1eb",
          "type": "Unknown",
          "displayName": "Python 3.10.6 64-bit"
        }
      },
      "expiry": 1664778723317
    },
    "/usr/bin/python3.interpreter.Details.v7": {
      "data": {
        "fileHash": "5ec935f65a4dd6fd36846d29b9ab0dbfa2869f4bac755aadbbce7bbbe66dcb2804ab28125313c3537345d3b30914b69532f51e35b5bf593a6fce9725cb6ad402",
        "info": {
          "architecture": 3,
          "path": "/usr/bin/python3",
          "version": {
            "options": {
              "loose": false,
              "includePrerelease": false
            },
            "loose": false,
            "raw": "3.9.6-final",
            "major": 3,
            "minor": 9,
            "patch": 6,
            "prerelease": [
              "final"
            ],
            "build": [],
            "version": "3.9.6-final"
          },
          "sysPrefix": "/Library/Developer/CommandLineTools/Library/Frameworks/Python3.framework/Versions/3.9",
          "fileHash": "5ec935f65a4dd6fd36846d29b9ab0dbfa2869f4bac755aadbbce7bbbe66dcb2804ab28125313c3537345d3b30914b69532f51e35b5bf593a6fce9725cb6ad402",
          "type": "Unknown",
          "displayName": "Python 3.9.6 64-bit"
        }
      },
      "expiry": 1664778916116
    },
    "InterpreterAutoSeletionRule-currentPath": {
      "architecture": 3,
      "path": "/opt/homebrew/opt/python@3.10/bin/python3.10",
      "version": {
        "options": {
          "loose": false,
          "includePrerelease": false
        },
        "loose": false,
        "raw": "3.10.6-final",
        "major": 3,
        "minor": 10,
        "patch": 6,
        "prerelease": [
          "final"
        ],
        "build": [],
        "version": "3.10.6-final"
      },
      "sysPrefix": "/opt/homebrew/opt/python@3.10/Frameworks/Python.framework/Versions/3.10",
      "fileHash": "46c4609fa8d07b79fc2974708dd3bf8b9fa68e0e9f7b9d3adf89e666db5b7e417df000da3994eb6bf657c1ef46154068f0ab49ae3d56b95147831be38520b1eb",
      "type": "Unknown"
    },
    "preferredGlobalPyInterpreter": {
      "architecture": 3,
      "path": "/opt/homebrew/opt/python@3.10/bin/python3.10",
      "version": {
        "options": {
          "loose": false,
          "includePrerelease": false
        },
        "loose": false,
        "raw": "3.10.6-final",
        "major": 3,
        "minor": 10,
        "patch": 6,
        "prerelease": [
          "final"
        ],
        "build": [],
        "version": "3.10.6-final"
      },
      "sysPrefix": "/opt/homebrew/opt/python@3.10/Frameworks/Python.framework/Versions/3.10",
      "fileHash": "46c4609fa8d07b79fc2974708dd3bf8b9fa68e0e9f7b9d3adf89e666db5b7e417df000da3994eb6bf657c1ef46154068f0ab49ae3d56b95147831be38520b1eb",
      "type": "Unknown"
    },
    "InterpreterAutoSeletionRule-system": {
      "architecture": 3,
      "path": "/opt/homebrew/opt/python@3.10/bin/python3.10",
      "version": {
        "options": {
          "loose": false,
          "includePrerelease": false
        },
        "loose": false,
        "raw": "3.10.6-final",
        "major": 3,
        "minor": 10,
        "patch": 6,
        "prerelease": [
          "final"
        ],
        "build": [],
        "version": "3.10.6-final"
      },
      "sysPrefix": "/opt/homebrew/opt/python@3.10/Frameworks/Python.framework/Versions/3.10",
      "fileHash": "46c4609fa8d07b79fc2974708dd3bf8b9fa68e0e9f7b9d3adf89e666db5b7e417df000da3994eb6bf657c1ef46154068f0ab49ae3d56b95147831be38520b1eb",
      "type": "Unknown",
      "displayName": "Python 3.10.6 64-bit"
    },
    "InterpreterAutoSeletionRule-cachedInterpreters": {
      "architecture": 3,
      "path": "/opt/homebrew/opt/python@3.10/bin/python3.10",
      "version": {
        "options": {
          "loose": false,
          "includePrerelease": false
        },
        "loose": false,
        "raw": "3.10.6-final",
        "major": 3,
        "minor": 10,
        "patch": 6,
        "prerelease": [
          "final"
        ],
        "build": [],
        "version": "3.10.6-final"
      },
      "sysPrefix": "/opt/homebrew/opt/python@3.10/Frameworks/Python.framework/Versions/3.10",
      "fileHash": "46c4609fa8d07b79fc2974708dd3bf8b9fa68e0e9f7b9d3adf89e666db5b7e417df000da3994eb6bf657c1ef46154068f0ab49ae3d56b95147831be38520b1eb",
      "type": "Unknown",
      "displayName": "Python 3.10.6 64-bit"
    },
    "ProposeLSBanner": false
  },
  "coc-python|/Users/misakisuna/Server/aosp/system/extras": {
    "INTERPRETERS_CACHE_v3_PipEnvService:baefe56c834d1d18a6cb8538154d5fc8": [],
    "INTERPRETERS_CACHE_v3_WorkspaceVirtualEnvService:baefe56c834d1d18a6cb8538154d5fc8": [],
    "autoSelectedWorkspacePythonInterpreter-/Users/misakisuna/Server/aosp/system/extras": {
      "architecture": 3,
      "path": "/opt/homebrew/opt/python@3.10/bin/python3.10",
      "version": {
        "options": {
          "loose": false,
          "includePrerelease": false
        },
        "loose": false,
        "raw": "3.10.6-final",
        "major": 3,
        "minor": 10,
        "patch": 6,
        "prerelease": [
          "final"
        ],
        "build": [],
        "version": "3.10.6-final"
      },
      "sysPrefix": "/opt/homebrew/opt/python@3.10/Frameworks/Python.framework/Versions/3.10",
      "fileHash": "46c4609fa8d07b79fc2974708dd3bf8b9fa68e0e9f7b9d3adf89e666db5b7e417df000da3994eb6bf657c1ef46154068f0ab49ae3d56b95147831be38520b1eb",
      "type": "Unknown"
    },
    "INTERPRETERS_CACHE_v3_PipEnvService": [],
    "INTERPRETERS_CACHE_v3_WorkspaceVirtualEnvService": []
  },
  "coc-python|/Users/misakisuna/Downloads": {
    "INTERPRETERS_CACHE_v3_PipEnvService:38faa8c852fc076835b81d2fa7c96bc7": [],
    "INTERPRETERS_CACHE_v3_WorkspaceVirtualEnvService:38faa8c852fc076835b81d2fa7c96bc7": [],
    "autoSelectedWorkspacePythonInterpreter-/Users/misakisuna/Downloads": {
      "architecture": 3,
      "path": "/opt/homebrew/opt/python@3.10/bin/python3.10",
      "version": {
        "options": {
          "loose": false,
          "includePrerelease": false
        },
        "loose": false,
        "raw": "3.10.6-final",
        "major": 3,
        "minor": 10,
        "patch": 6,
        "prerelease": [
          "final"
        ],
        "build": [],
        "version": "3.10.6-final"
      },
      "sysPrefix": "/opt/homebrew/opt/python@3.10/Frameworks/Python.framework/Versions/3.10",
      "fileHash": "46c4609fa8d07b79fc2974708dd3bf8b9fa68e0e9f7b9d3adf89e666db5b7e417df000da3994eb6bf657c1ef46154068f0ab49ae3d56b95147831be38520b1eb",
      "type": "Unknown"
    },
    "INTERPRETERS_CACHE_v3_PipEnvService": [],
    "INTERPRETERS_CACHE_v3_WorkspaceVirtualEnvService": []
  }
}